Other,Low-Medium,Anxiety_Absent,Depression_Absent,Improve
Rock,Low-Medium,Anxiety_Present,Depression_Absent,Improve
Video game music,High Hours,Anxiety_Present,Depression_Present,No effect
Other,Low-Medium,Anxiety_Present,Depression_Present,Improve
R&B,High Hours,Anxiety_Present,Depression_Absent,Improve
Other,High Hours,Anxiety_Present,Depression_Present,Improve
Video game music,Low-Medium,Anxiety_Present,Depression_Present,Improve
K pop,Low-Medium,Anxiety_Present,Depression_Absent,Improve
Rock,High Hours,Anxiety_Absent,Depression_Absent,Improve
R&B,Low-Medium,Anxiety_Absent,Depression_Absent,Improve
Country,Low-Medium,Anxiety_Present,Depression_Present,No effect
EDM,High Hours,Anxiety_Absent,Depression_Absent,Improve
Hip hop,Low-Medium,Anxiety_Present,Depression_Absent,Improve
Country,Low-Medium,Anxiety_Absent,Depression_Absent,Improve
Other,High Hours,Anxiety_Present,Depression_Present,Improve
Pop,Low-Medium,Anxiety_Present,Depression_Present,Worsen
Hip hop,High Hours,Anxiety_Present,Depression_Present,Improve
Hip hop,High Hours,Anxiety_Present,Depression_Present,Improve
Rap,High Hours,Anxiety_Present,Depression_Present,Improve
Hip hop,Low-Medium,Anxiety_Present,Depression_Absent,Improve
Hip hop,High Hours,Anxiety_Present,Depression_Present,Improve
Rap,High Hours,Anxiety_Present,Depression_Present,Improve
R&B,High Hours,Anxiety_Present,Depression_Present,Improve
Pop,Low-Medium,Anxiety_Absent,Depression_Absent,No effect
Rock,Low-Medium,Anxiety_Present,Depression_Present,Improve
Pop,Low-Medium,Anxiety_Present,Depression_Present,Improve
Rock,High Hours,Anxiety_Present,Depression_Present,Improve
Pop,High Hours,Anxiety_Absent,Depression_Absent,Improve
Pop,Low-Medium,Anxiety_Present,Depression_Present,Improve
Pop,Low-Medium,Anxiety_Present,Depression_Absent,Improve
Rock,High Hours,Anxiety_Present,Depression_Present,Improve
Classical,Low-Medium,Anxiety_Present,Depression_Present,No effect
Metal,High Hours,Anxiety_Present,Depression_Present,Improve
Rock,High Hours,Anxiety_Present,Depression_Present,Improve
Classical,Low-Medium,Anxiety_Absent,Depression_Absent,No effect
Pop,High Hours,Anxiety_Absent,Depression_Absent,Improve
Pop,High Hours,Anxiety_Present,Depression_Present,Improve
Pop,Low-Medium,Anxiety_Absent,Depression_Absent,No effect
Rock,Low-Medium,Anxiety_Present,Depression_Present,No effect
EDM,High Hours,Anxiety_Present,Depression_Absent,Improve
Video game music,Low-Medium,Anxiety_Present,Depression_Absent,Improve
Rock,High Hours,Anxiety_Present,Depression_Present,Improve
Video game music,Low-Medium,Anxiety_Absent,Depression_Absent,No effect
Classical,Low-Medium,Anxiety_Present,Depression_Present,Improve
Metal,High Hours,Anxiety_Absent,Depression_Absent,No effect
Folk,Low-Medium,Anxiety_Present,Depression_Absent,Improve
Classical,Low-Medium,Anxiety_Present,Depression_Present,No effect
Rock,Low-Medium,Anxiety_Present,Depression_Present,Improve
Metal,High Hours,Anxiety_Present,Depression_Present,Improve
Pop,Low-Medium,Anxiety_Present,Depression_Present,No effect
EDM,Low-Medium,Anxiety_Absent,Depression_Absent,Improve
K pop,High Hours,Anxiety_Present,Depression_Present,Improve
Rap,Low-Medium,Anxiety_Present,Depression_Present,No effect
Pop,High Hours,Anxiety_Absent,Depression_Present,No effect
Rock,High Hours,Anxiety_Present,Depression_Present,Improve
Classical,Low-Medium,Anxiety_Absent,Depression_Absent,Improve
Rock,High Hours,Anxiety_Present,Depression_Present,No effect
Rock,Low-Medium,Anxiety_Present,Depression_Absent,No effect
Folk,High Hours,Anxiety_Present,Depression_Present,Improve
Video game music,Low-Medium,Anxiety_Present,Depression_Absent,Improve
K pop,Low-Medium,Anxiety_Present,Depression_Absent,Improve
Rock,Low-Medium,Anxiety_Present,Depression_Present,Improve
Rock,Low-Medium,Anxiety_Absent,Depression_Absent,Improve
Metal,Low-Medium,Anxiety_Present,Depression_Present,No effect
Rock,High Hours,Anxiety_Present,Depression_Present,Worsen
Metal,High Hours,Anxiety_Present,Depression_Present,Improve
Rock,Low-Medium,Anxiety_Absent,Depression_Absent,No effect
Hip hop,High Hours,Anxiety_Present,Depression_Present,Improve
Metal,Low-Medium,Anxiety_Present,Depression_Present,Improve
Rock,Low-Medium,Anxiety_Present,Depression_Absent,Improve
Rock,Low-Medium,Anxiety_Present,Depression_Present,Improve
Rock,Low-Medium,Anxiety_Present,Depression_Absent,No effect
Rock,High Hours,Anxiety_Present,Depression_Present,Improve
Hip hop,Low-Medium,Anxiety_Present,Depression_Absent,Improve
Hip hop,Low-Medium,Anxiety_Present,Depression_Present,No effect
Other,High Hours,Anxiety_Present,Depression_Present,Improve
Metal,High Hours,Anxiety_Present,Depression_Absent,Improve
R&B,High Hours,Anxiety_Present,Depression_Absent,Improve
EDM,Low-Medium,Anxiety_Present,Depression_Absent,Improve
Hip hop,High Hours,Anxiety_Absent,Depression_Present,Improve
Rock,High Hours,Anxiety_Present,Depression_Present,Improve
Other,Low-Medium,Anxiety_Absent,Depression_Absent,Improve
K pop,Low-Medium,Anxiety_Present,Depression_Present,No effect
Rock,Low-Medium,Anxiety_Absent,Depression_Absent,Improve
R&B,Low-Medium,Anxiety_Present,Depression_Present,Improve
Rock,Low-Medium,Anxiety_Present,Depression_Present,No effect
Other,High Hours,Anxiety_Absent,Depression_Absent,Improve
Metal,Low-Medium,Anxiety_Present,Depression_Absent,Improve
R&B,Low-Medium,Anxiety_Absent,Depression_Absent,No effect
Hip hop,Low-Medium,Anxiety_Absent,Depression_Absent,No effect
Metal,High Hours,Anxiety_Present,Depression_Present,No effect
Video game music,High Hours,Anxiety_Present,Depression_Present,No effect
Classical,High Hours,Anxiety_Present,Depression_Present,Improve
Rock,Low-Medium,Anxiety_Present,Depression_Absent,Improve
Video game music,High Hours,Anxiety_Present,Depression_Absent,Improve
Metal,High Hours,Anxiety_Present,Depression_Present,Improve
EDM,Low-Medium,Anxiety_Absent,Depression_Absent,Improve
Rock,Low-Medium,Anxiety_Present,Depression_Present,Improve
Metal,High Hours,Anxiety_Present,Depression_Absent,Improve
Rock,High Hours,Anxiety_Present,Depression_Present,Improve
Metal,Low-Medium,Anxiety_Absent,Depression_Present,Improve
Classical,Low-Medium,Anxiety_Absent,Depression_Absent,Improve
Metal,High Hours,Anxiety_Present,Depression_Present,No effect
Rock,Low-Medium,Anxiety_Present,Depression_Present,No effect
Rock,Low-Medium,Anxiety_Present,Depression_Present,Improve
Metal,Low-Medium,Anxiety_Present,Depression_Present,No effect
Pop,Low-Medium,Anxiety_Present,Depression_Present,No effect
Pop,Low-Medium,Anxiety_Present,Depression_Present,Improve
Metal,High Hours,Anxiety_Present,Depression_Present,No effect
Metal,Low-Medium,Anxiety_Present,Depression_Absent,Improve
Metal,Low-Medium,Anxiety_Present,Depression_Absent,Improve
Pop,Low-Medium,Anxiety_Present,Depression_Present,Improve
Pop,High Hours,Anxiety_Present,Depression_Present,Improve
Rock,Low-Medium,Anxiety_Present,Depression_Present,Improve
K pop,High Hours,Anxiety_Present,Depression_Absent,Improve
Hip hop,High Hours,Anxiety_Present,Depression_Present,Improve
Metal,Low-Medium,Anxiety_Present,Depression_Absent,Improve
EDM,Low-Medium,Anxiety_Absent,Depression_Present,Improve
Rock,Low-Medium,Anxiety_Present,Depression_Present,Improve
Folk,Low-Medium,Anxiety_Present,Depression_Present,Improve
Rock,Low-Medium,Anxiety_Present,Depression_Present,No effect
Rock,Low-Medium,Anxiety_Present,Depression_Absent,Improve
Hip hop,Low-Medium,Anxiety_Present,Depression_Present,Improve
Rock,Low-Medium,Anxiety_Present,Depression_Present,No effect
Other,High Hours,Anxiety_Present,Depression_Absent,Improve
EDM,High Hours,Anxiety_Present,Depression_Present,Improve
Pop,High Hours,Anxiety_Present,Depression_Present,Improve
Rock,Low-Medium,Anxiety_Present,Depression_Present,Worsen
Metal,Low-Medium,Anxiety_Present,Depression_Present,Improve
Rock,High Hours,Anxiety_Present,Depression_Absent,No effect
Video game music,Low-Medium,Anxiety_Present,Depression_Present,Improve
Rock,High Hours,Anxiety_Present,Depression_Present,Improve
Pop,High Hours,Anxiety_Present,Depression_Present,Improve
EDM,Low-Medium,Anxiety_Absent,Depression_Present,No effect
Rock,Low-Medium,Anxiety_Present,Depression_Present,Improve
Video game music,Low-Medium,Anxiety_Present,Depression_Absent,Improve
Classical,Low-Medium,Anxiety_Absent,Depression_Absent,Improve
Pop,Low-Medium,Anxiety_Present,Depression_Present,Improve
Pop,Low-Medium,Anxiety_Absent,Depression_Absent,No effect
Pop,Low-Medium,Anxiety_Present,Depression_Present,Improve
Other,High Hours,Anxiety_Absent,Depression_Present,Improve
Rap,Low-Medium,Anxiety_Absent,Depression_Present,No effect
Metal,High Hours,Anxiety_Present,Depression_Present,Improve
Pop,High Hours,Anxiety_Absent,Depression_Absent,Improve
EDM,Low-Medium,Anxiety_Absent,Depression_Present,Improve
Metal,Low-Medium,Anxiety_Absent,Depression_Present,Improve
Other,High Hours,Anxiety_Present,Depression_Present,Improve
Other,Low-Medium,Anxiety_Present,Depression_Absent,Improve
Folk,Low-Medium,Anxiety_Present,Depression_Present,Improve
EDM,High Hours,Anxiety_Present,Depression_Present,Improve
Pop,Low-Medium,Anxiety_Present,Depression_Present,Worsen
Rock,Low-Medium,Anxiety_Present,Depression_Present,Improve
Rock,Low-Medium,Anxiety_Present,Depression_Present,No effect
Pop,Low-Medium,Anxiety_Present,Depression_Present,Improve
Rock,Low-Medium,Anxiety_Present,Depression_Present,No effect
Metal,Low-Medium,Anxiety_Absent,Depression_Absent,No effect
Pop,Low-Medium,Anxiety_Present,Depression_Absent,Improve
Rock,High Hours,Anxiety_Present,Depression_Present,Improve
Pop,High Hours,Anxiety_Present,Depression_Absent,Improve
Metal,Low-Medium,Anxiety_Present,Depression_Present,Improve
R&B,Low-Medium,Anxiety_Absent,Depression_Absent,No effect
K pop,Low-Medium,Anxiety_Absent,Depression_Absent,Improve
EDM,Low-Medium,Anxiety_Present,Depression_Present,Improve
Metal,Low-Medium,Anxiety_Absent,Depression_Absent,No effect
Metal,High Hours,Anxiety_Present,Depression_Present,Improve
Metal,Low-Medium,Anxiety_Present,Depression_Present,No effect
Metal,Low-Medium,Anxiety_Absent,Depression_Absent,Improve
Rock,Low-Medium,Anxiety_Present,Depression_Present,Improve
K pop,Low-Medium,Anxiety_Present,Depression_Present,Improve
Rock,Low-Medium,Anxiety_Present,Depression_Present,Improve
Other,Low-Medium,Anxiety_Absent,Depression_Absent,Improve
Metal,High Hours,Anxiety_Absent,Depression_Present,No effect
Pop,Low-Medium,Anxiety_Present,Depression_Absent,Improve
Metal,Low-Medium,Anxiety_Absent,Depression_Present,Improve
Video game music,Low-Medium,Anxiety_Present,Depression_Absent,No effect
R&B,Low-Medium,Anxiety_Present,Depression_Present,No effect
Rock,Low-Medium,Anxiety_Absent,Depression_Absent,No effect
Pop,Low-Medium,Anxiety_Present,Depression_Present,Improve
Folk,High Hours,Anxiety_Present,Depression_Present,Improve
Rock,Low-Medium,Anxiety_Present,Depression_Present,Improve
Rock,Low-Medium,Anxiety_Present,Depression_Absent,Improve
Pop,Low-Medium,Anxiety_Present,Depression_Absent,No effect
Rock,Low-Medium,Anxiety_Present,Depression_Present,Improve
R&B,Low-Medium,Anxiety_Present,Depression_Present,Improve
K pop,Low-Medium,Anxiety_Present,Depression_Absent,Improve
Pop,Low-Medium,Anxiety_Present,Depression_Absent,Improve
Pop,Low-Medium,Anxiety_Present,Depression_Present,Improve
Classical,High Hours,Anxiety_Present,Depression_Present,Improve
Rock,High Hours,Anxiety_Absent,Depression_Present,No effect
Rock,Low-Medium,Anxiety_Present,Depression_Present,Improve
Rock,Low-Medium,Anxiety_Present,Depression_Present,Improve
R&B,Low-Medium,Anxiety_Present,Depression_Absent,Improve
Video game music,Low-Medium,Anxiety_Absent,Depression_Present,Improve
R&B,High Hours,Anxiety_Present,Depression_Present,Improve
Rock,Low-Medium,Anxiety_Present,Depression_Present,Improve
Pop,High Hours,Anxiety_Present,Depression_Present,Improve
Rock,High Hours,Anxiety_Present,Depression_Present,No effect
Country,High Hours,Anxiety_Present,Depression_Present,Improve
Rock,High Hours,Anxiety_Present,Depression_Absent,Improve
Rock,Low-Medium,Anxiety_Present,Depression_Present,Improve
Rock,Low-Medium,Anxiety_Present,Depression_Present,Improve
Pop,Low-Medium,Anxiety_Present,Depression_Present,Improve
Rock,Low-Medium,Anxiety_Present,Depression_Present,Improve
Folk,Low-Medium,Anxiety_Present,Depression_Present,Improve
Rock,Low-Medium,Anxiety_Present,Depression_Present,Improve
Metal,High Hours,Anxiety_Present,Depression_Present,Improve
Classical,High Hours,Anxiety_Present,Depression_Present,Improve
R&B,Low-Medium,Anxiety_Present,Depression_Present,Improve
Metal,Low-Medium,Anxiety_Present,Depression_Absent,Improve
Rock,Low-Medium,Anxiety_Present,Depression_Absent,Improve
Pop,Low-Medium,Anxiety_Absent,Depression_Absent,No effect
Rock,Low-Medium,Anxiety_Present,Depression_Present,Improve
Rap,Low-Medium,Anxiety_Present,Depression_Present,Improve
Pop,Low-Medium,Anxiety_Present,Depression_Present,No effect
Rock,High Hours,Anxiety_Present,Depression_Absent,Improve
Rock,High Hours,Anxiety_Present,Depression_Absent,Improve
Metal,Low-Medium,Anxiety_Present,Depression_Present,Improve
Folk,Low-Medium,Anxiety_Present,Depression_Present,Improve
Rock,Low-Medium,Anxiety_Present,Depression_Present,Improve
Video game music,High Hours,Anxiety_Present,Depression_Present,No effect
Rock,Low-Medium,Anxiety_Present,Depression_Absent,Improve
K pop,Low-Medium,Anxiety_Present,Depression_Absent,Improve
Pop,High Hours,Anxiety_Absent,Depression_Absent,Improve
K pop,High Hours,Anxiety_Absent,Depression_Present,Improve
Pop,High Hours,Anxiety_Present,Depression_Absent,Improve
Pop,Low-Medium,Anxiety_Present,Depression_Present,Improve
Folk,Low-Medium,Anxiety_Present,Depression_Present,Improve
Country,Low-Medium,Anxiety_Present,Depression_Present,Improve
Metal,Low-Medium,Anxiety_Absent,Depression_Present,No effect
Rock,High Hours,Anxiety_Present,Depression_Present,Improve
Rock,Low-Medium,Anxiety_Present,Depression_Present,Improve
Rock,High Hours,Anxiety_Absent,Depression_Absent,No effect
Country,High Hours,Anxiety_Present,Depression_Present,Improve
Rock,Low-Medium,Anxiety_Absent,Depression_Present,No effect
Folk,High Hours,Anxiety_Present,Depression_Absent,No effect
Metal,Low-Medium,Anxiety_Present,Depression_Present,Improve
Folk,High Hours,Anxiety_Absent,Depression_Present,Improve
Pop,Low-Medium,Anxiety_Absent,Depression_Absent,No effect
Metal,High Hours,Anxiety_Present,Depression_Present,Improve
EDM,Low-Medium,Anxiety_Present,Depression_Present,Improve
K pop,High Hours,Anxiety_Present,Depression_Present,Improve
Rock,Low-Medium,Anxiety_Present,Depression_Present,Improve
Classical,High Hours,Anxiety_Present,Depression_Absent,Improve
EDM,High Hours,Anxiety_Present,Depression_Present,No effect
Rock,Low-Medium,Anxiety_Absent,Depression_Present,Worsen
Pop,High Hours,Anxiety_Present,Depression_Present,Improve
Classical,High Hours,Anxiety_Present,Depression_Present,Worsen
EDM,Low-Medium,Anxiety_Present,Depression_Absent,Improve
Metal,Low-Medium,Anxiety_Absent,Depression_Absent,No effect
EDM,Low-Medium,Anxiety_Present,Depression_Present,No effect
Other,High Hours,Anxiety_Present,Depression_Absent,Improve
EDM,Low-Medium,Anxiety_Present,Depression_Present,Improve
Rap,High Hours,Anxiety_Absent,Depression_Absent,Improve
Hip hop,Low-Medium,Anxiety_Present,Depression_Present,Improve
Rock,High Hours,Anxiety_Present,Depression_Present,Improve
Video game music,Low-Medium,Anxiety_Present,Depression_Absent,Improve
Video game music,Low-Medium,Anxiety_Absent,Depression_Absent,No effect
Metal,High Hours,Anxiety_Present,Depression_Present,No effect
Pop,Low-Medium,Anxiety_Present,Depression_Present,No effect
Classical,Low-Medium,Anxiety_Absent,Depression_Absent,No effect
Rock,Low-Medium,Anxiety_Present,Depression_Present,Improve
Metal,Low-Medium,Anxiety_Present,Depression_Present,Improve
Country,Low-Medium,Anxiety_Absent,Depression_Present,Improve
Country,Low-Medium,Anxiety_Present,Depression_Present,Improve
Country,Low-Medium,Anxiety_Present,Depression_Absent,No effect
Pop,Low-Medium,Anxiety_Present,Depression_Present,No effect
Classical,High Hours,Anxiety_Present,Depression_Present,Improve
Pop,Low-Medium,Anxiety_Present,Depression_Absent,Improve
Folk,Low-Medium,Anxiety_Present,Depression_Absent,Improve
Pop,Low-Medium,Anxiety_Absent,Depression_Present,Improve
Rock,High Hours,Anxiety_Absent,Depression_Absent,Improve
EDM,High Hours,Anxiety_Absent,Depression_Absent,Improve
Metal,High Hours,Anxiety_Present,Depression_Present,Improve
Video game music,High Hours,Anxiety_Present,Depression_Present,Improve
Rock,Low-Medium,Anxiety_Present,Depression_Present,Improve
Video game music,Low-Medium,Anxiety_Present,Depression_Present,No effect
Hip hop,High Hours,Anxiety_Present,Depression_Present,Improve
Video game music,Low-Medium,Anxiety_Present,Depression_Present,Worsen
Video game music,High Hours,Anxiety_Present,Depression_Present,Improve
Metal,High Hours,Anxiety_Present,Depression_Present,Improve
Video game music,High Hours,Anxiety_Present,Depression_Absent,Improve
Rock,Low-Medium,Anxiety_Present,Depression_Present,No effect
Rock,Low-Medium,Anxiety_Present,Depression_Present,No effect
Other,High Hours,Anxiety_Present,Depression_Present,Improve
Rock,Low-Medium,Anxiety_Present,Depression_Absent,Improve
Pop,Low-Medium,Anxiety_Present,Depression_Present,Improve
Rock,High Hours,Anxiety_Present,Depression_Present,Improve
Pop,Low-Medium,Anxiety_Present,Depression_Present,Improve
Rock,High Hours,Anxiety_Present,Depression_Absent,No effect
Rock,Low-Medium,Anxiety_Absent,Depression_Present,Improve
Rock,High Hours,Anxiety_Present,Depression_Present,No effect
Pop,Low-Medium,Anxiety_Absent,Depression_Absent,No effect
Metal,Low-Medium,Anxiety_Present,Depression_Absent,Improve
Rock,Low-Medium,Anxiety_Present,Depression_Present,Improve
Other,Low-Medium,Anxiety_Present,Depression_Absent,No effect
Metal,High Hours,Anxiety_Present,Depression_Present,Improve
Metal,Low-Medium,Anxiety_Present,Depression_Present,Improve
Rock,Low-Medium,Anxiety_Present,Depression_Present,Improve
Rock,Low-Medium,Anxiety_Present,Depression_Absent,Improve
Country,High Hours,Anxiety_Present,Depression_Present,No effect
Metal,Low-Medium,Anxiety_Present,Depression_Absent,Improve
Rock,Low-Medium,Anxiety_Present,Depression_Present,Improve
Hip hop,Low-Medium,Anxiety_Present,Depression_Present,Improve
Metal,High Hours,Anxiety_Present,Depression_Present,Improve
Rock,Low-Medium,Anxiety_Present,Depression_Present,Improve
Pop,Low-Medium,Anxiety_Present,Depression_Present,No effect
Pop,Low-Medium,Anxiety_Present,Depression_Present,Improve
Pop,Low-Medium,Anxiety_Present,Depression_Present,Improve
Pop,High Hours,Anxiety_Present,Depression_Present,No effect
EDM,Low-Medium,Anxiety_Present,Depression_Present,Improve
Folk,Low-Medium,Anxiety_Absent,Depression_Absent,No effect
EDM,Low-Medium,Anxiety_Present,Depression_Present,Improve
Rock,Low-Medium,Anxiety_Present,Depression_Present,Improve
Rock,Low-Medium,Anxiety_Present,Depression_Present,No effect
Country,High Hours,Anxiety_Present,Depression_Present,Improve
Rock,Low-Medium,Anxiety_Absent,Depression_Present,Improve
Rock,High Hours,Anxiety_Present,Depression_Present,Improve
Rock,Low-Medium,Anxiety_Present,Depression_Present,No effect
Metal,Low-Medium,Anxiety_Present,Depression_Present,Improve
Rock,High Hours,Anxiety_Present,Depression_Present,Improve
Rap,High Hours,Anxiety_Present,Depression_Absent,Improve
Rock,Low-Medium,Anxiety_Present,Depression_Present,No effect
Rock,Low-Medium,Anxiety_Present,Depression_Present,Improve
Pop,Low-Medium,Anxiety_Absent,Depression_Absent,Improve
Pop,Low-Medium,Anxiety_Absent,Depression_Absent,Improve
Pop,Low-Medium,Anxiety_Absent,Depression_Present,Improve
Pop,Low-Medium,Anxiety_Present,Depression_Absent,No effect
Pop,Low-Medium,Anxiety_Present,Depression_Present,No effect
Video game music,High Hours,Anxiety_Present,Depression_Present,No effect
Rock,High Hours,Anxiety_Present,Depression_Absent,Improve
EDM,Low-Medium,Anxiety_Present,Depression_Present,Improve
Other,High Hours,Anxiety_Present,Depression_Present,Improve
Country,High Hours,Anxiety_Present,Depression_Present,Improve
Rock,High Hours,Anxiety_Present,Depression_Present,Improve
Rock,High Hours,Anxiety_Present,Depression_Present,No effect
Country,Low-Medium,Anxiety_Present,Depression_Present,Improve
Rock,High Hours,Anxiety_Present,Depression_Present,No effect
Video game music,Low-Medium,Anxiety_Present,Depression_Present,Worsen
EDM,Low-Medium,Anxiety_Present,Depression_Present,Improve
Folk,Low-Medium,Anxiety_Present,Depression_Absent,No effect
Hip hop,Low-Medium,Anxiety_Absent,Depression_Present,Improve
Pop,High Hours,Anxiety_Present,Depression_Present,Improve
Video game music,Low-Medium,Anxiety_Present,Depression_Absent,Improve
Rock,Low-Medium,Anxiety_Present,Depression_Present,Improve
Folk,Low-Medium,Anxiety_Present,Depression_Absent,Improve
K pop,Low-Medium,Anxiety_Present,Depression_Absent,Improve
Rock,Low-Medium,Anxiety_Present,Depression_Present,Improve
Other,High Hours,Anxiety_Absent,Depression_Absent,Improve
Classical,High Hours,Anxiety_Present,Depression_Absent,Improve
EDM,Low-Medium,Anxiety_Present,Depression_Absent,Improve
Rock,Low-Medium,Anxiety_Present,Depression_Absent,No effect
K pop,High Hours,Anxiety_Present,Depression_Absent,Improve
Rap,Low-Medium,Anxiety_Present,Depression_Absent,No effect
Pop,Low-Medium,Anxiety_Present,Depression_Present,Improve
Other,Low-Medium,Anxiety_Present,Depression_Present,Improve
Video game music,Low-Medium,Anxiety_Absent,Depression_Present,Improve
Other,Low-Medium,Anxiety_Present,Depression_Present,Improve
EDM,High Hours,Anxiety_Present,Depression_Present,Improve
Metal,Low-Medium,Anxiety_Present,Depression_Present,Improve
EDM,High Hours,Anxiety_Present,Depression_Present,Improve
Metal,Low-Medium,Anxiety_Present,Depression_Present,Improve
Metal,Low-Medium,Anxiety_Present,Depression_Present,Improve
Metal,Low-Medium,Anxiety_Present,Depression_Absent,Improve
Hip hop,High Hours,Anxiety_Absent,Depression_Absent,Improve
Folk,Low-Medium,Anxiety_Present,Depression_Present,Improve
Rock,Low-Medium,Anxiety_Present,Depression_Present,Improve
Rock,High Hours,Anxiety_Present,Depression_Absent,Improve
Pop,Low-Medium,Anxiety_Absent,Depression_Absent,Improve
Classical,Low-Medium,Anxiety_Present,Depression_Present,Improve
Pop,Low-Medium,Anxiety_Present,Depression_Absent,Improve
Metal,Low-Medium,Anxiety_Present,Depression_Absent,Improve
Classical,Low-Medium,Anxiety_Present,Depression_Present,Improve
Hip hop,Low-Medium,Anxiety_Present,Depression_Present,Improve
Rock,High Hours,Anxiety_Present,Depression_Present,Improve
Metal,High Hours,Anxiety_Absent,Depression_Absent,Improve
Rock,Low-Medium,Anxiety_Present,Depression_Present,Improve
Rock,High Hours,Anxiety_Present,Depression_Present,Improve
Other,High Hours,Anxiety_Present,Depression_Present,Improve
Rock,Low-Medium,Anxiety_Absent,Depression_Absent,No effect
Pop,Low-Medium,Anxiety_Present,Depression_Absent,Improve
Metal,Low-Medium,Anxiety_Absent,Depression_Absent,Improve
Rock,Low-Medium,Anxiety_Present,Depression_Absent,No effect
Pop,Low-Medium,Anxiety_Present,Depression_Absent,Improve
Classical,Low-Medium,Anxiety_Present,Depression_Present,Improve
Classical,Low-Medium,Anxiety_Absent,Depression_Absent,Improve
Classical,Low-Medium,Anxiety_Present,Depression_Present,No effect
Video game music,Low-Medium,Anxiety_Present,Depression_Absent,No effect
Pop,Low-Medium,Anxiety_Present,Depression_Present,Improve
Metal,Low-Medium,Anxiety_Present,Depression_Absent,Improve
Pop,Low-Medium,Anxiety_Present,Depression_Absent,No effect
Classical,High Hours,Anxiety_Absent,Depression_Absent,Improve
K pop,High Hours,Anxiety_Present,Depression_Present,Improve
Classical,Low-Medium,Anxiety_Present,Depression_Present,Improve
Classical,High Hours,Anxiety_Present,Depression_Present,Improve
Country,High Hours,Anxiety_Present,Depression_Present,Improve
Classical,High Hours,Anxiety_Present,Depression_Present,Improve
Classical,Low-Medium,Anxiety_Absent,Depression_Absent,Improve
Rap,Low-Medium,Anxiety_Absent,Depression_Absent,Improve
Folk,High Hours,Anxiety_Present,Depression_Present,Improve
Classical,High Hours,Anxiety_Present,Depression_Present,No effect
Pop,Low-Medium,Anxiety_Present,Depression_Present,Improve
Rock,Low-Medium,Anxiety_Present,Depression_Present,Improve
Rock,Low-Medium,Anxiety_Absent,Depression_Absent,Improve
Rap,Low-Medium,Anxiety_Present,Depression_Absent,Improve
R&B,Low-Medium,Anxiety_Absent,Depression_Absent,Improve
Rock,Low-Medium,Anxiety_Absent,Depression_Present,No effect
Pop,Low-Medium,Anxiety_Present,Depression_Present,Improve
Hip hop,High Hours,Anxiety_Present,Depression_Present,No effect
Classical,Low-Medium,Anxiety_Present,Depression_Present,Improve
Classical,Low-Medium,Anxiety_Present,Depression_Present,Improve
Rock,Low-Medium,Anxiety_Absent,Depression_Absent,No effect
Classical,Low-Medium,Anxiety_Present,Depression_Present,Improve
EDM,High Hours,Anxiety_Present,Depression_Present,No effect
Country,Low-Medium,Anxiety_Present,Depression_Present,Improve
Classical,Low-Medium,Anxiety_Present,Depression_Present,Improve
Classical,High Hours,Anxiety_Absent,Depression_Absent,Improve
R&B,Low-Medium,Anxiety_Present,Depression_Present,No effect
Other,High Hours,Anxiety_Present,Depression_Present,Improve
Classical,Low-Medium,Anxiety_Present,Depression_Absent,No effect
Metal,Low-Medium,Anxiety_Absent,Depression_Absent,Improve
EDM,High Hours,Anxiety_Present,Depression_Present,Improve
Classical,High Hours,Anxiety_Absent,Depression_Absent,Improve
Video game music,Low-Medium,Anxiety_Present,Depression_Absent,Improve
Metal,High Hours,Anxiety_Absent,Depression_Absent,Improve
Classical,Low-Medium,Anxiety_Absent,Depression_Absent,Improve
Rock,Low-Medium,Anxiety_Present,Depression_Present,Improve
K pop,High Hours,Anxiety_Present,Depression_Present,Improve
Classical,High Hours,Anxiety_Present,Depression_Present,Improve
Rock,High Hours,Anxiety_Absent,Depression_Absent,Improve
R&B,Low-Medium,Anxiety_Present,Depression_Present,Improve
Pop,High Hours,Anxiety_Present,Depression_Present,Improve
Rap,Low-Medium,Anxiety_Absent,Depression_Absent,Improve
Classical,Low-Medium,Anxiety_Present,Depression_Present,Improve
Classical,Low-Medium,Anxiety_Present,Depression_Absent,Improve
Hip hop,Low-Medium,Anxiety_Present,Depression_Present,Improve
K pop,High Hours,Anxiety_Present,Depression_Present,No effect
R&B,High Hours,Anxiety_Present,Depression_Present,Improve
Country,Low-Medium,Anxiety_Absent,Depression_Absent,Improve
Video game music,Low-Medium,Anxiety_Present,Depression_Present,Worsen
Hip hop,Low-Medium,Anxiety_Present,Depression_Present,Improve
EDM,Low-Medium,Anxiety_Present,Depression_Present,Improve
Folk,Low-Medium,Anxiety_Absent,Depression_Absent,Improve
Rap,High Hours,Anxiety_Present,Depression_Absent,Worsen
Rock,High Hours,Anxiety_Absent,Depression_Absent,Improve
Rock,High Hours,Anxiety_Present,Depression_Absent,Improve
Metal,High Hours,Anxiety_Present,Depression_Present,Improve
Classical,Low-Medium,Anxiety_Present,Depression_Present,No effect
Rock,Low-Medium,Anxiety_Present,Depression_Present,No effect
Pop,Low-Medium,Anxiety_Present,Depression_Absent,Improve
Rock,High Hours,Anxiety_Present,Depression_Absent,Improve
Other,Low-Medium,Anxiety_Present,Depression_Present,Improve
Rock,High Hours,Anxiety_Present,Depression_Present,No effect
Pop,Low-Medium,Anxiety_Present,Depression_Present,Improve
Rock,Low-Medium,Anxiety_Absent,Depression_Absent,Improve
Video game music,High Hours,Anxiety_Present,Depression_Present,Improve
Rock,Low-Medium,Anxiety_Absent,Depression_Present,Worsen
Pop,Low-Medium,Anxiety_Present,Depression_Present,Improve
Rock,High Hours,Anxiety_Absent,Depression_Absent,Improve
Metal,Low-Medium,Anxiety_Absent,Depression_Absent,No effect
Metal,Low-Medium,Anxiety_Absent,Depression_Present,Improve
Hip hop,High Hours,Anxiety_Present,Depression_Present,No effect
Video game music,Low-Medium,Anxiety_Present,Depression_Present,No effect
Metal,Low-Medium,Anxiety_Absent,Depression_Absent,No effect
Hip hop,Low-Medium,Anxiety_Absent,Depression_Present,Improve
Rock,High Hours,Anxiety_Absent,Depression_Absent,Improve
Rock,High Hours,Anxiety_Absent,Depression_Absent,No effect
Video game music,High Hours,Anxiety_Present,Depression_Present,Improve
Country,High Hours,Anxiety_Absent,Depression_Absent,No effect
Folk,High Hours,Anxiety_Present,Depression_Present,Improve
Metal,Low-Medium,Anxiety_Present,Depression_Present,No effect
Rock,Low-Medium,Anxiety_Present,Depression_Present,Improve
Rock,Low-Medium,Anxiety_Absent,Depression_Absent,No effect
Country,High Hours,Anxiety_Present,Depression_Present,Improve
Rock,Low-Medium,Anxiety_Present,Depression_Present,Improve
Classical,Low-Medium,Anxiety_Absent,Depression_Absent,Improve
Rock,High Hours,Anxiety_Present,Depression_Present,Improve
Country,Low-Medium,Anxiety_Present,Depression_Present,Improve
Rock,Low-Medium,Anxiety_Present,Depression_Present,Improve
Pop,Low-Medium,Anxiety_Present,Depression_Present,Improve
EDM,High Hours,Anxiety_Present,Depression_Present,Improve
Hip hop,Low-Medium,Anxiety_Present,Depression_Present,Improve
Other,Low-Medium,Anxiety_Present,Depression_Present,Improve
Other,High Hours,Anxiety_Present,Depression_Present,Improve
Classical,Low-Medium,Anxiety_Absent,Depression_Absent,Improve
Rock,High Hours,Anxiety_Present,Depression_Absent,Improve
Rock,High Hours,Anxiety_Absent,Depression_Absent,No effect
Metal,Low-Medium,Anxiety_Present,Depression_Present,Improve
K pop,Low-Medium,Anxiety_Present,Depression_Present,Improve
Pop,Low-Medium,Anxiety_Present,Depression_Present,Improve
Pop,Low-Medium,Anxiety_Present,Depression_Present,Improve
Other,Low-Medium,Anxiety_Absent,Depression_Absent,Improve
Other,Low-Medium,Anxiety_Present,Depression_Absent,Improve
Video game music,Low-Medium,Anxiety_Present,Depression_Present,No effect
Hip hop,High Hours,Anxiety_Present,Depression_Present,Improve
Pop,Low-Medium,Anxiety_Present,Depression_Absent,Improve
Hip hop,Low-Medium,Anxiety_Present,Depression_Present,Improve
Other,High Hours,Anxiety_Absent,Depression_Absent,Improve
Hip hop,Low-Medium,Anxiety_Present,Depression_Present,Improve
K pop,Low-Medium,Anxiety_Present,Depression_Absent,No effect
Rock,High Hours,Anxiety_Present,Depression_Present,Improve
EDM,High Hours,Anxiety_Present,Depression_Present,Improve
Metal,Low-Medium,Anxiety_Present,Depression_Present,Improve
Pop,Low-Medium,Anxiety_Present,Depression_Present,Improve
Rock,Low-Medium,Anxiety_Present,Depression_Present,Improve
K pop,Low-Medium,Anxiety_Present,Depression_Present,Improve
Video game music,High Hours,Anxiety_Absent,Depression_Absent,Improve
Rock,High Hours,Anxiety_Present,Depression_Absent,No effect
Rap,High Hours,Anxiety_Present,Depression_Present,Improve
Rock,Low-Medium,Anxiety_Absent,Depression_Absent,No effect
Metal,High Hours,Anxiety_Present,Depression_Absent,Improve
Rock,Low-Medium,Anxiety_Present,Depression_Present,Improve
Country,Low-Medium,Anxiety_Present,Depression_Absent,Improve
Rock,High Hours,Anxiety_Absent,Depression_Absent,No effect
Rock,High Hours,Anxiety_Absent,Depression_Absent,Improve
Classical,Low-Medium,Anxiety_Present,Depression_Absent,Improve
Pop,Low-Medium,Anxiety_Present,Depression_Absent,Improve
Folk,Low-Medium,Anxiety_Present,Depression_Present,Improve
Pop,High Hours,Anxiety_Present,Depression_Absent,Improve
Pop,High Hours,Anxiety_Present,Depression_Present,Improve
EDM,Low-Medium,Anxiety_Present,Depression_Present,Improve
Video game music,Low-Medium,Anxiety_Present,Depression_Present,Improve
Other,High Hours,Anxiety_Present,Depression_Present,Improve
Rock,Low-Medium,Anxiety_Absent,Depression_Absent,Improve
R&B,High Hours,Anxiety_Absent,Depression_Present,No effect
Metal,Low-Medium,Anxiety_Present,Depression_Present,Improve
EDM,High Hours,Anxiety_Present,Depression_Present,Improve
Rock,Low-Medium,Anxiety_Absent,Depression_Present,Improve
Classical,Low-Medium,Anxiety_Present,Depression_Absent,Improve
Pop,High Hours,Anxiety_Present,Depression_Present,Improve
Other,Low-Medium,Anxiety_Absent,Depression_Absent,No effect
Pop,Low-Medium,Anxiety_Present,Depression_Present,Improve
Video game music,Low-Medium,Anxiety_Present,Depression_Absent,Improve
Rock,Low-Medium,Anxiety_Absent,Depression_Absent,Improve
Other,Low-Medium,Anxiety_Present,Depression_Present,Improve
Pop,High Hours,Anxiety_Present,Depression_Present,Improve
Pop,High Hours,Anxiety_Present,Depression_Present,Improve
Rock,Low-Medium,Anxiety_Present,Depression_Present,No effect
Rock,Low-Medium,Anxiety_Absent,Depression_Absent,Improve
Rock,High Hours,Anxiety_Present,Depression_Present,Improve
Rock,Low-Medium,Anxiety_Present,Depression_Absent,No effect
Metal,Low-Medium,Anxiety_Present,Depression_Present,Improve
Country,Low-Medium,Anxiety_Absent,Depression_Absent,Improve
Pop,High Hours,Anxiety_Absent,Depression_Present,Improve
Pop,Low-Medium,Anxiety_Present,Depression_Absent,Improve
Folk,Low-Medium,Anxiety_Present,Depression_Absent,Improve
Rap,Low-Medium,Anxiety_Present,Depression_Absent,Improve
Rock,Low-Medium,Anxiety_Present,Depression_Present,Improve
K pop,Low-Medium,Anxiety_Present,Depression_Present,Improve
Pop,Low-Medium,Anxiety_Absent,Depression_Absent,Improve
Rock,Low-Medium,Anxiety_Present,Depression_Absent,Improve
Rap,High Hours,Anxiety_Absent,Depression_Absent,Improve
Classical,Low-Medium,Anxiety_Absent,Depression_Absent,No effect
Pop,Low-Medium,Anxiety_Present,Depression_Present,No effect
R&B,Low-Medium,Anxiety_Absent,Depression_Present,Improve
Video game music,Low-Medium,Anxiety_Present,Depression_Present,Improve
Pop,Low-Medium,Anxiety_Present,Depression_Present,Improve
Rock,Low-Medium,Anxiety_Present,Depression_Absent,No effect
Pop,High Hours,Anxiety_Present,Depression_Present,No effect
R&B,Low-Medium,Anxiety_Absent,Depression_Absent,Improve
Rock,High Hours,Anxiety_Present,Depression_Present,Improve
R&B,Low-Medium,Anxiety_Absent,Depression_Absent,Improve
K pop,Low-Medium,Anxiety_Present,Depression_Present,Improve
Folk,High Hours,Anxiety_Present,Depression_Present,Improve
K pop,Low-Medium,Anxiety_Present,Depression_Absent,Improve
Metal,Low-Medium,Anxiety_Present,Depression_Present,Improve
R&B,High Hours,Anxiety_Present,Depression_Present,Improve
Pop,Low-Medium,Anxiety_Absent,Depression_Present,Improve
Other,Low-Medium,Anxiety_Present,Depression_Present,Improve
Video game music,High Hours,Anxiety_Present,Depression_Present,No effect
R&B,Low-Medium,Anxiety_Absent,Depression_Absent,Improve
R&B,High Hours,Anxiety_Absent,Depression_Absent,Improve
Classical,High Hours,Anxiety_Present,Depression_Present,No effect
Video game music,Low-Medium,Anxiety_Present,Depression_Absent,No effect
Pop,Low-Medium,Anxiety_Present,Depression_Present,Improve
R&B,High Hours,Anxiety_Absent,Depression_Absent,Improve
EDM,High Hours,Anxiety_Absent,Depression_Absent,No effect
Pop,High Hours,Anxiety_Present,Depression_Present,Improve
Video game music,Low-Medium,Anxiety_Present,Depression_Absent,Improve
Pop,Low-Medium,Anxiety_Present,Depression_Present,Improve
Rock,Low-Medium,Anxiety_Absent,Depression_Present,Worsen
Pop,Low-Medium,Anxiety_Present,Depression_Absent,Improve
Rock,High Hours,Anxiety_Present,Depression_Present,No effect
Rock,Low-Medium,Anxiety_Absent,Depression_Absent,Improve
Rock,High Hours,Anxiety_Present,Depression_Present,Improve
Pop,Low-Medium,Anxiety_Present,Depression_Absent,Improve
Rap,Low-Medium,Anxiety_Absent,Depression_Absent,Improve
Metal,High Hours,Anxiety_Absent,Depression_Absent,No effect
Rock,High Hours,Anxiety_Present,Depression_Present,Improve
Rock,High Hours,Anxiety_Absent,Depression_Absent,Improve
Rock,High Hours,Anxiety_Present,Depression_Present,Improve
Classical,Low-Medium,Anxiety_Present,Depression_Present,Improve
R&B,High Hours,Anxiety_Absent,Depression_Absent,Improve
R&B,Low-Medium,Anxiety_Present,Depression_Present,No effect
Pop,Low-Medium,Anxiety_Present,Depression_Absent,Improve
Other,High Hours,Anxiety_Absent,Depression_Absent,Improve
Other,High Hours,Anxiety_Present,Depression_Present,Improve
Rock,High Hours,Anxiety_Present,Depression_Present,Improve
Metal,High Hours,Anxiety_Present,Depression_Present,Improve
Other,High Hours,Anxiety_Absent,Depression_Absent,No effect
EDM,High Hours,Anxiety_Absent,Depression_Absent,Improve
R&B,High Hours,Anxiety_Absent,Depression_Absent,No effect
Other,High Hours,Anxiety_Absent,Depression_Absent,No effect
Pop,Low-Medium,Anxiety_Present,Depression_Present,No effect
Rock,Low-Medium,Anxiety_Absent,Depression_Absent,No effect
Hip hop,Low-Medium,Anxiety_Present,Depression_Present,Improve
K pop,Low-Medium,Anxiety_Absent,Depression_Present,Improve
Video game music,Low-Medium,Anxiety_Absent,Depression_Present,Improve
Classical,Low-Medium,Anxiety_Absent,Depression_Absent,Improve
Rap,Low-Medium,Anxiety_Present,Depression_Present,Improve
Folk,Low-Medium,Anxiety_Present,Depression_Present,No effect
Rock,Low-Medium,Anxiety_Absent,Depression_Absent,No effect
Rock,High Hours,Anxiety_Present,Depression_Present,Worsen
Pop,Low-Medium,Anxiety_Absent,Depression_Absent,Improve
Rock,Low-Medium,Anxiety_Present,Depression_Absent,Improve
Rock,Low-Medium,Anxiety_Present,Depression_Present,Improve
Metal,Low-Medium,Anxiety_Present,Depression_Present,Improve
Rock,Low-Medium,Anxiety_Present,Depression_Present,Improve
Rock,Low-Medium,Anxiety_Absent,Depression_Present,No effect
Other,Low-Medium,Anxiety_Absent,Depression_Absent,No effect
Other,Low-Medium,Anxiety_Present,Depression_Present,Improve
Rock,Low-Medium,Anxiety_Present,Depression_Absent,Improve
Metal,High Hours,Anxiety_Present,Depression_Present,Improve
Metal,High Hours,Anxiety_Absent,Depression_Present,No effect
Hip hop,High Hours,Anxiety_Present,Depression_Present,Improve
Rock,High Hours,Anxiety_Absent,Depression_Absent,Improve
Rap,Low-Medium,Anxiety_Present,Depression_Present,Improve
Rock,High Hours,Anxiety_Present,Depression_Present,Improve
Classical,Low-Medium,Anxiety_Absent,Depression_Absent,Improve
Metal,High Hours,Anxiety_Present,Depression_Present,Improve
Rock,Low-Medium,Anxiety_Present,Depression_Present,Improve
Video game music,Low-Medium,Anxiety_Absent,Depression_Absent,Improve
Folk,High Hours,Anxiety_Present,Depression_Present,Improve
Rock,Low-Medium,Anxiety_Present,Depression_Present,Improve
Rock,Low-Medium,Anxiety_Present,Depression_Present,No effect
Metal,High Hours,Anxiety_Present,Depression_Absent,Improve
Classical,High Hours,Anxiety_Present,Depression_Present,Improve
Metal,Low-Medium,Anxiety_Present,Depression_Present,Improve
EDM,Low-Medium,Anxiety_Absent,Depression_Absent,No effect
K pop,High Hours,Anxiety_Present,Depression_Absent,Improve
Metal,Low-Medium,Anxiety_Present,Depression_Present,Improve
Folk,High Hours,Anxiety_Absent,Depression_Present,No effect
EDM,Low-Medium,Anxiety_Present,Depression_Present,Improve
Metal,Low-Medium,Anxiety_Present,Depression_Present,Improve
Classical,Low-Medium,Anxiety_Present,Depression_Present,Improve
EDM,High Hours,Anxiety_Present,Depression_Present,Improve
Metal,Low-Medium,Anxiety_Present,Depression_Present,Improve
Pop,Low-Medium,Anxiety_Present,Depression_Present,No effect
Pop,Low-Medium,Anxiety_Present,Depression_Absent,Improve
Folk,High Hours,Anxiety_Present,Depression_Present,Improve
Metal,Low-Medium,Anxiety_Absent,Depression_Absent,No effect
Rock,Low-Medium,Anxiety_Present,Depression_Present,Worsen
Folk,High Hours,Anxiety_Present,Depression_Present,No effect
Pop,High Hours,Anxiety_Present,Depression_Present,No effect
Rock,High Hours,Anxiety_Present,Depression_Present,Improve
Rock,Low-Medium,Anxiety_Absent,Depression_Absent,No effect
Rock,High Hours,Anxiety_Present,Depression_Present,Improve
Pop,Low-Medium,Anxiety_Present,Depression_Absent,Worsen
Rock,Low-Medium,Anxiety_Absent,Depression_Absent,Improve
R&B,Low-Medium,Anxiety_Absent,Depression_Present,No effect
Rock,High Hours,Anxiety_Present,Depression_Present,Improve
Metal,High Hours,Anxiety_Present,Depression_Absent,Improve
R&B,Low-Medium,Anxiety_Present,Depression_Absent,Improve
Metal,Low-Medium,Anxiety_Present,Depression_Present,Improve
Folk,High Hours,Anxiety_Present,Depression_Present,Improve
Rock,Low-Medium,Anxiety_Absent,Depression_Absent,No effect
Rock,Low-Medium,Anxiety_Present,Depression_Present,Improve
Rock,Low-Medium,Anxiety_Present,Depression_Absent,No effect
Rock,Low-Medium,Anxiety_Present,Depression_Absent,No effect
Pop,Low-Medium,Anxiety_Present,Depression_Present,Improve
K pop,Low-Medium,Anxiety_Present,Depression_Present,No effect
Pop,Low-Medium,Anxiety_Present,Depression_Absent,Improve
Video game music,Low-Medium,Anxiety_Present,Depression_Absent,Improve
Metal,High Hours,Anxiety_Present,Depression_Present,Improve
Other,High Hours,Anxiety_Present,Depression_Present,Improve
Rock,High Hours,Anxiety_Present,Depression_Absent,Improve
Classical,Low-Medium,Anxiety_Present,Depression_Present,No effect
Folk,Low-Medium,Anxiety_Present,Depression_Present,Improve
Rap,Low-Medium,Anxiety_Present,Depression_Present,Improve
Rock,Low-Medium,Anxiety_Present,Depression_Present,No effect
Country,Low-Medium,Anxiety_Absent,Depression_Absent,Improve
R&B,High Hours,Anxiety_Present,Depression_Present,Improve
K pop,Low-Medium,Anxiety_Present,Depression_Absent,Improve
Other,High Hours,Anxiety_Present,Depression_Present,Improve
R&B,Low-Medium,Anxiety_Present,Depression_Present,Improve
Hip hop,High Hours,Anxiety_Absent,Depression_Absent,Improve
Rap,Low-Medium,Anxiety_Present,Depression_Present,Improve
Classical,Low-Medium,Anxiety_Absent,Depression_Absent,No effect
Classical,Low-Medium,Anxiety_Present,Depression_Absent,No effect
R&B,High Hours,Anxiety_Present,Depression_Absent,No effect
R&B,High Hours,Anxiety_Present,Depression_Absent,Improve
Hip hop,Low-Medium,Anxiety_Absent,Depression_Present,Improve
Hip hop,High Hours,Anxiety_Present,Depression_Absent,Improve
Video game music,High Hours,Anxiety_Present,Depression_Present,Improve
Pop,Low-Medium,Anxiety_Present,Depression_Absent,Improve
Pop,Low-Medium,Anxiety_Present,Depression_Present,No effect
Rap,High Hours,Anxiety_Absent,Depression_Absent,No effect
R&B,High Hours,Anxiety_Present,Depression_Present,Improve
Rock,Low-Medium,Anxiety_Present,Depression_Absent,Improve
Country,High Hours,Anxiety_Absent,Depression_Absent,Improve
Metal,High Hours,Anxiety_Present,Depression_Present,Improve
Pop,Low-Medium,Anxiety_Present,Depression_Present,Worsen
Rock,Low-Medium,Anxiety_Present,Depression_Present,Improve
Folk,Low-Medium,Anxiety_Present,Depression_Present,Improve
Folk,Low-Medium,Anxiety_Present,Depression_Present,Improve
Metal,Low-Medium,Anxiety_Absent,Depression_Present,Improve
Pop,High Hours,Anxiety_Present,Depression_Absent,Improve
Rock,Low-Medium,Anxiety_Present,Depression_Present,Improve
Country,Low-Medium,Anxiety_Present,Depression_Absent,Improve
Video game music,Low-Medium,Anxiety_Present,Depression_Present,No effect
Hip hop,High Hours,Anxiety_Present,Depression_Present,Improve
Rock,High Hours,Anxiety_Present,Depression_Present,Improve
Metal,High Hours,Anxiety_Present,Depression_Present,Improve
Rock,Low-Medium,Anxiety_Present,Depression_Present,Improve
Pop,High Hours,Anxiety_Present,Depression_Absent,No effect
Country,Low-Medium,Anxiety_Present,Depression_Absent,No effect
Pop,High Hours,Anxiety_Present,Depression_Present,Improve
Metal,Low-Medium,Anxiety_Present,Depression_Present,Improve
Rock,Low-Medium,Anxiety_Present,Depression_Present,No effect
Metal,Low-Medium,Anxiety_Present,Depression_Absent,No effect
Video game music,Low-Medium,Anxiety_Present,Depression_Present,Improve
Hip hop,High Hours,Anxiety_Present,Depression_Present,Improve
Pop,High Hours,Anxiety_Present,Depression_Present,Improve
Pop,High Hours,Anxiety_Present,Depression_Present,Improve
Pop,High Hours,Anxiety_Present,Depression_Present,Improve
Pop,High Hours,Anxiety_Present,Depression_Present,Improve
Video game music,Low-Medium,Anxiety_Present,Depression_Present,Worsen
EDM,High Hours,Anxiety_Present,Depression_Present,Improve
Metal,Low-Medium,Anxiety_Absent,Depression_Absent,No effect
Country,High Hours,Anxiety_Present,Depression_Absent,Improve
Pop,Low-Medium,Anxiety_Present,Depression_Absent,Improve
R&B,Low-Medium,Anxiety_Present,Depression_Present,Improve
Rock,Low-Medium,Anxiety_Present,Depression_Present,Improve
Pop,Low-Medium,Anxiety_Absent,Depression_Absent,Improve
Rap,High Hours,Anxiety_Absent,Depression_Absent,Improve
Classical,High Hours,Anxiety_Absent,Depression_Absent,Improve
Hip hop,Low-Medium,Anxiety_Absent,Depression_Absent,Improve
